window,method,mape,rmse,mase,candidates_evaluated
0,auto (picked: naive),0.5395572641357513,1.9678949201282656,1.8591642765606866,"naive,seasonal_naive,holt,arima"
0,naive,0.5397257973248998,1.968074884246018,1.8597643457212096,
0,seasonal_naive,0.9313341613129215,3.4110299709857324,3.218170907833455,
0,holt,0.7954447062128571,2.8665209694533518,2.7343653189172366,
0,arima,0.540768683776211,1.9672979547053202,1.8636148078996382,
0,sarima,0.5881789957235667,2.2563867765582137,2.0258291715012144,
1,auto (picked: naive),0.7491772246519167,2.9991161892575167,2.5241033277223677,"naive,seasonal_naive,holt,arima,sarima"
1,naive,0.7491772246519286,2.9991161892575575,2.524103327722407,
1,seasonal_naive,0.9513046609341155,3.3015406757048074,3.221170529586957,
1,holt,2.083439887558251,7.121476198569871,7.045714124085357,
1,arima,0.9582252389444398,3.729434623665668,3.2292905484623646,
1,sarima,1.3177130270045059,4.493419111074646,4.45210014865193,
2,auto (picked: seasonal_naive),0.7532739566617037,2.703762810109893,2.5745604657664996,"naive,seasonal_naive,holt,arima,sarima"
2,naive,0.7393235271944071,2.8684810149856883,2.538468496620239,
2,seasonal_naive,0.7532758326401173,2.7041796353053194,2.5745604657664996,
2,holt,4.110482577300923,15.843538188487436,14.110241337524737,
2,arima,1.3161604230269854,5.047908390229938,4.520535650377692,
2,sarima,1.2816900988967372,4.8417533364602665,4.400949682798489,
3,auto (picked: arima),0.5231695174490614,2.054623343421688,1.8007322578542895,"naive,seasonal_naive,holt,arima,sarima"
3,naive,0.7973477906099117,3.2800136559674993,2.7555704324231427,
3,seasonal_naive,0.9160907047281609,3.7703619410696807,3.1623230821183443,
3,holt,2.0829719954609045,9.468386912569157,7.144460894475925,
3,arima,0.52320363401346,2.0552839805753313,1.800852990985027,
3,sarima,0.6350262978199829,2.831064705576184,2.179150415783398,
4,auto (picked: naive),0.44381785560509995,1.7867655833936404,1.5314638371589466,"naive,seasonal_naive,holt,arima,sarima"
4,naive,0.4435872667429024,1.786829711155118,1.530645528937115,
4,seasonal_naive,1.170970179594838,4.652614408408818,4.053080622734826,
4,holt,2.5529392439343814,10.558776538250164,8.801314145579449,
4,arima,0.5935254139873362,2.697594467656601,2.04173238392574,
4,sarima,1.0756138698089355,4.4493612751922775,3.705128102841373,
5,auto (picked: naive),0.7321061375977318,3.1870042098079057,2.5283753063748104,"naive,seasonal_naive,holt,arima,sarima"
5,naive,0.7321061375977318,3.1870042098079057,2.5283753063748104,
5,seasonal_naive,0.9852363674477713,3.723225528131936,3.419372514754122,
5,holt,1.335057407712773,5.151698534119499,4.618884735683854,
5,arima,0.768042170605854,3.3170522832097338,2.652203170577803,
5,sarima,0.6619161546392865,2.9741099372670803,2.2843187388899624,
