mask_rate,trial,method,rmse,uncertainty_spearman
0.1,0,mean,0.04949838988842453,
0.1,0,median,0.05030167843569232,
0.1,0,knn_k5,0.04121504831901593,
0.1,0,multiple_imputation,0.05110531552962998,-0.06190044075706508
0.1,1,mean,0.0553618627475819,
0.1,1,median,0.05688791867566754,
0.1,1,knn_k5,0.049601538287539305,
0.1,1,multiple_imputation,0.06142700058454286,-0.11908726487819919
0.1,2,mean,0.04687011440312976,
0.1,2,median,0.0466941340768264,
0.1,2,knn_k5,0.0486050093746865,
0.1,2,multiple_imputation,0.04251896913321485,-0.216988416988417
0.1,3,mean,0.04693600918125862,
0.1,3,median,0.04736056557501405,
0.1,3,knn_k5,0.04791329214257992,
0.1,3,multiple_imputation,0.04693062494581245,-0.01882591093117409
0.1,4,mean,0.0490937201819438,
0.1,4,median,0.0500189847859,
0.1,4,knn_k5,0.044175765432335125,
0.1,4,multiple_imputation,0.054276333536087795,0.006424825174825175
0.1,5,mean,0.045065621659251,
0.1,5,median,0.04647485958800774,
0.1,5,knn_k5,0.03836767176855736,
0.1,5,multiple_imputation,0.04785324623434272,0.12528723055038843
0.1,6,mean,0.05159226282288452,
0.1,6,median,0.05007156024120894,
0.1,6,knn_k5,0.04500539653809267,
0.1,6,multiple_imputation,0.05621026661017372,-0.14638163320303182
0.1,7,mean,0.04779546392340763,
0.1,7,median,0.04867013198732713,
0.1,7,knn_k5,0.034646778822400706,
0.1,7,multiple_imputation,0.05172243104544761,-0.22540816326530608
0.1,8,mean,0.04045881141669646,
0.1,8,median,0.04087206389334369,
0.1,8,knn_k5,0.04540905746609175,
0.1,8,multiple_imputation,0.04791498106060526,0.0825035561877667
0.1,9,mean,0.04985836634938809,
0.1,9,median,0.049577272626124144,
0.1,9,knn_k5,0.041205526024784146,
0.1,9,multiple_imputation,0.044338754507833436,0.2613965744400527
0.2,0,mean,0.04644257728418341,
0.2,0,median,0.046295453733187664,
0.2,0,knn_k5,0.03975133254814404,
0.2,0,multiple_imputation,0.05124759792079181,0.028334586742512057
0.2,1,mean,0.050363268928399194,
0.2,1,median,0.05177842147142911,
0.2,1,knn_k5,0.04428259141931858,
0.2,1,multiple_imputation,0.05895726008438789,0.0184715466563218
0.2,2,mean,0.045106030110793366,
0.2,2,median,0.044319803767457165,
0.2,2,knn_k5,0.042230213368114305,
0.2,2,multiple_imputation,0.05043375198990078,0.06928760337517316
0.2,3,mean,0.04578618244227829,
0.2,3,median,0.046787532399467854,
0.2,3,knn_k5,0.04105254130414782,
0.2,3,multiple_imputation,0.05096561073949329,0.01141040503408887
0.2,4,mean,0.04718702779131087,
0.2,4,median,0.04827727389710964,
0.2,4,knn_k5,0.041504137411563766,
0.2,4,multiple_imputation,0.05282947598973747,-0.0682089803870146
0.2,5,mean,0.04327204683787776,
0.2,5,median,0.04497600971202632,
0.2,5,knn_k5,0.043059930873440004,
0.2,5,multiple_imputation,0.04880604737628014,0.19819443425357808
0.2,6,mean,0.051525112964335804,
0.2,6,median,0.05104457749084449,
0.2,6,knn_k5,0.04673880708567232,
0.2,6,multiple_imputation,0.054270843651529115,0.023570029209723946
0.2,7,mean,0.05171865357578242,
0.2,7,median,0.0530604049897196,
0.2,7,knn_k5,0.04251164945932273,
0.2,7,multiple_imputation,0.0564536531365721,0.04044169617137414
0.2,8,mean,0.03993337109493856,
0.2,8,median,0.03943658445196392,
0.2,8,knn_k5,0.041355092864282614,
0.2,8,multiple_imputation,0.04448375383261307,0.13970189701897018
0.2,9,mean,0.0495465867482306,
0.2,9,median,0.04940319015925853,
0.2,9,knn_k5,0.04349584371720212,
0.2,9,multiple_imputation,0.05886446491079203,0.026627871093042065
0.3,0,mean,0.04637918969183483,
0.3,0,median,0.04617258932757147,
0.3,0,knn_k5,0.038662119339967035,
0.3,0,multiple_imputation,0.05255379406081001,0.1471405478729272
0.3,1,mean,0.049333472191478614,
0.3,1,median,0.050495245628526156,
0.3,1,knn_k5,0.04324504749385241,
0.3,1,multiple_imputation,0.05582598282033827,-0.10469520283815341
0.3,2,mean,0.04639728997794794,
0.3,2,median,0.04631109304053197,
0.3,2,knn_k5,0.042500025560650696,
0.3,2,multiple_imputation,0.05191949833384114,-0.11991480418075984
0.3,3,mean,0.044655698726908014,
0.3,3,median,0.045924104877278986,
0.3,3,knn_k5,0.041761113652892375,
0.3,3,multiple_imputation,0.04939092446734008,0.08193628707468328
0.3,4,mean,0.04700322307412807,
0.3,4,median,0.047950059611725555,
0.3,4,knn_k5,0.041654040981827296,
0.3,4,multiple_imputation,0.05127519737192316,0.012399104166838973
0.3,5,mean,0.04366829496593796,
0.3,5,median,0.04503111058208765,
0.3,5,knn_k5,0.04056512715243209,
0.3,5,multiple_imputation,0.050347081459087194,-0.1127255303687339
0.3,6,mean,0.050486588781845844,
0.3,6,median,0.05086008096025744,
0.3,6,knn_k5,0.04810271042373515,
0.3,6,multiple_imputation,0.05572148315631003,0.029340168436596044
0.3,7,mean,0.04885045364174537,
0.3,7,median,0.04994300655227865,
0.3,7,knn_k5,0.04196919116054236,
0.3,7,multiple_imputation,0.053127023020193266,0.09175633738000767
0.3,8,mean,0.04357941362286669,
0.3,8,median,0.044228639545488876,
0.3,8,knn_k5,0.037461663373154465,
0.3,8,multiple_imputation,0.051030159446843505,0.07018861666563185
0.3,9,mean,0.047308039246706055,
0.3,9,median,0.04701759703614408,
0.3,9,knn_k5,0.043784595678265766,
0.3,9,multiple_imputation,0.05281705436682096,0.10178534568485051
