mask_rate,method,mean_rmse,std_rmse,mean_uncertainty_spearman
0.1,knn_k5,0.04361450841760835,0.0047633931337053665,
0.1,mean,0.04825306225739663,0.003962133912300299,
0.1,median,0.04869291698851119,0.004028284695654238,
0.1,multiple_imputation_iterative,0.04317954394613729,0.004773402287183682,-0.06157196150071231
0.1,multiple_imputation_marginal,0.050429792318769075,0.005736476863775847,-0.031297964367016026
0.2,knn_k5,0.04259821400512083,0.0019544726393036227,
0.2,mean,0.047088085777813024,0.003796233267054579,
0.2,median,0.04753792520724643,0.0040751321034857265,
0.2,multiple_imputation_iterative,0.0434833918550752,0.004070353231907321,-0.021446289798840022
0.2,multiple_imputation_marginal,0.05273124596320977,0.004553892352773732,0.048783108916776965
0.3,knn_k5,0.04197056348173196,0.002909636675096145,
0.3,mean,0.04676616639213994,0.00234801978867931,
0.3,median,0.04739335271618909,0.002333514987261122,
0.3,multiple_imputation_iterative,0.04361271362058927,0.0030737916031937755,-0.027294035163977225
0.3,multiple_imputation_marginal,0.05240081985035076,0.0021117998482740384,0.01972108698938884
